{"cameraMode":{"drawMode":0,"name":"Shaded","section":"Shading Mode"},"sceneLighting":true,"audioPlay":false,"sceneViewState":{"m_AlwaysRefresh":false,"showFog":true,"showSkybox":true,"showFlares":true,"showImageEffects":true,"showParticleSystems":true,"showVisualEffectGraphs":true,"m_FxEnabled":true},"in2DMode":false,"pivot":{"x":116.13911437988281,"y":-14.629364013671875,"z":168.76617431640626},"rotation":{"x":0.08351433277130127,"y":0.9027101993560791,"z":-0.36948156356811526,"w":0.20404070615768434},"size":364.2503662109375,"orthographic":false}